"filename", "language", "MS SQL", "HTML", "JavaScript", "PHP", "JSON", "Docker", "PostCSS", "YAML", "Properties", "comment", "blank", "total"
"c:\xampp\htdocs\Proyecto\BackEnd\APIBackOffice\APIBackOffice.php", "PHP", 0, 0, 0, 494, 0, 0, 0, 0, 0, 4, 72, 570
"c:\xampp\htdocs\Proyecto\BackEnd\APIBackOffice\RepositorioBackOffice.php", "PHP", 0, 0, 0, 1022, 0, 0, 0, 0, 0, 18, 165, 1205
"c:\xampp\htdocs\Proyecto\BackEnd\APIBackOffice\ServicioBackOffice.php", "PHP", 0, 0, 0, 466, 0, 0, 0, 0, 0, 21, 88, 575
"c:\xampp\htdocs\Proyecto\BackEnd\APICooperativa\APICooperativa.php", "PHP", 0, 0, 0, 309, 0, 0, 0, 0, 0, 15, 55, 379
"c:\xampp\htdocs\Proyecto\BackEnd\APICooperativa\Modelos\ComprobantePago.php", "PHP", 0, 0, 0, 73, 0, 0, 0, 0, 0, 3, 17, 93
"c:\xampp\htdocs\Proyecto\BackEnd\APICooperativa\Modelos\UnidadHabitacional.php", "PHP", 0, 0, 0, 63, 0, 0, 0, 0, 0, 3, 15, 81
"c:\xampp\htdocs\Proyecto\BackEnd\APICooperativa\RepositorioCooperativa.php", "PHP", 0, 0, 0, 357, 0, 0, 0, 0, 0, 5, 46, 408
"c:\xampp\htdocs\Proyecto\BackEnd\APICooperativa\ServicioCooperativa.php", "PHP", 0, 0, 0, 244, 0, 0, 0, 0, 0, 7, 47, 298
"c:\xampp\htdocs\Proyecto\BackEnd\APIFetchs\APIBackOffice.js", "JavaScript", 0, 0, 115, 0, 0, 0, 0, 0, 0, 5, 23, 143
"c:\xampp\htdocs\Proyecto\BackEnd\APIFetchs\APICooperativa.js", "JavaScript", 0, 0, 47, 0, 0, 0, 0, 0, 0, 5, 4, 56
"c:\xampp\htdocs\Proyecto\BackEnd\APIFetchs\APITraduccion.js", "JavaScript", 0, 0, 38, 0, 0, 0, 0, 0, 0, 5, 5, 48
"c:\xampp\htdocs\Proyecto\BackEnd\APIFetchs\APIUsuario.js", "JavaScript", 0, 0, 31, 0, 0, 0, 0, 0, 0, 5, 6, 42
"c:\xampp\htdocs\Proyecto\BackEnd\APIFetchs\apiConfig.js", "JavaScript", 0, 0, 21, 0, 0, 0, 0, 0, 0, 9, 7, 37
"c:\xampp\htdocs\Proyecto\BackEnd\APIFetchs\usuarioApi.js", "JavaScript", 0, 0, 4, 0, 0, 0, 0, 0, 0, 0, 2, 6
"c:\xampp\htdocs\Proyecto\BackEnd\APITraduccion\APITraduccion.php", "PHP", 0, 0, 0, 58, 0, 0, 0, 0, 0, 0, 12, 70
"c:\xampp\htdocs\Proyecto\BackEnd\APITraduccion\RepositorioTraduccion.php", "PHP", 0, 0, 0, 22, 0, 0, 0, 0, 0, 1, 5, 28
"c:\xampp\htdocs\Proyecto\BackEnd\APITraduccion\ServicioTraduccion.php", "PHP", 0, 0, 0, 19, 0, 0, 0, 0, 0, 1, 2, 22
"c:\xampp\htdocs\Proyecto\BackEnd\APITraduccion\Traduccion.php", "PHP", 0, 0, 0, 38, 0, 0, 0, 0, 0, 3, 9, 50
"c:\xampp\htdocs\Proyecto\BackEnd\APIUsuarios\ApiUsuarios.php", "PHP", 0, 0, 0, 226, 0, 0, 0, 0, 0, 0, 31, 257
"c:\xampp\htdocs\Proyecto\BackEnd\APIUsuarios\Modelos\Admin.php", "PHP", 0, 0, 0, 25, 0, 0, 0, 0, 0, 0, 6, 31
"c:\xampp\htdocs\Proyecto\BackEnd\APIUsuarios\Modelos\Interesado.php", "PHP", 0, 0, 0, 99, 0, 0, 0, 0, 0, 2, 21, 122
"c:\xampp\htdocs\Proyecto\BackEnd\APIUsuarios\Modelos\Persona.php", "PHP", 0, 0, 0, 69, 0, 0, 0, 0, 0, 2, 15, 86
"c:\xampp\htdocs\Proyecto\BackEnd\APIUsuarios\Modelos\Usuario.php", "PHP", 0, 0, 0, 52, 0, 0, 0, 0, 0, 1, 9, 62
"c:\xampp\htdocs\Proyecto\BackEnd\APIUsuarios\RepositorioPersona.php", "PHP", 0, 0, 0, 231, 0, 0, 0, 0, 0, 4, 40, 275
"c:\xampp\htdocs\Proyecto\BackEnd\APIUsuarios\ServicioPersona.php", "PHP", 0, 0, 0, 129, 0, 0, 0, 0, 0, 5, 39, 173
"c:\xampp\htdocs\Proyecto\BackEnd\BDConeccion.php", "PHP", 0, 0, 0, 10, 0, 0, 0, 0, 0, 0, 1, 11
"c:\xampp\htdocs\Proyecto\BackEnd\Consultas.php", "PHP", 0, 0, 0, 19, 0, 0, 0, 0, 0, 3, 3, 25
"c:\xampp\htdocs\Proyecto\BackEnd\Tokens.php", "PHP", 0, 0, 0, 55, 0, 0, 0, 0, 0, 1, 13, 69
"c:\xampp\htdocs\Proyecto\Dockerfile", "Docker", 0, 0, 0, 0, 0, 10, 0, 0, 0, 5, 8, 23
"c:\xampp\htdocs\Proyecto\cooperativa.sql", "MS SQL", 308, 0, 0, 0, 0, 0, 0, 0, 0, 193, 97, 598
"c:\xampp\htdocs\Proyecto\docker-compose.yml", "YAML", 0, 0, 0, 0, 0, 0, 0, 30, 0, 0, 6, 36
"c:\xampp\htdocs\Proyecto\front\Admin\borrarAdmin.php", "PHP", 0, 0, 0, 0, 0, 0, 0, 0, 0, 0, 1, 1
"c:\xampp\htdocs\Proyecto\front\Admin\configuracion.php", "PHP", 0, 0, 0, 165, 0, 0, 0, 0, 0, 0, 10, 175
"c:\xampp\htdocs\Proyecto\front\Admin\confirmarPagos.php", "PHP", 0, 0, 0, 197, 0, 0, 0, 0, 0, 0, 18, 215
"c:\xampp\htdocs\Proyecto\front\Admin\crearAdmin.php", "PHP", 0, 0, 0, 176, 0, 0, 0, 0, 0, 0, 38, 214
"c:\xampp\htdocs\Proyecto\front\Admin\crearUnidad.php", "PHP", 0, 0, 0, 193, 0, 0, 0, 0, 0, 5, 18, 216
"c:\xampp\htdocs\Proyecto\front\Admin\faltas.php", "PHP", 0, 0, 0, 137, 0, 0, 0, 0, 0, 0, 13, 150
"c:\xampp\htdocs\Proyecto\front\Admin\index.php", "PHP", 0, 0, 0, 245, 0, 0, 0, 0, 0, 0, 21, 266
"c:\xampp\htdocs\Proyecto\front\Admin\pagos.php", "PHP", 0, 0, 0, 174, 0, 0, 0, 0, 0, 0, 19, 193
"c:\xampp\htdocs\Proyecto\front\Admin\proyecto-prueba.php", "PHP", 0, 0, 0, 249, 0, 0, 0, 0, 0, 0, 25, 274
"c:\xampp\htdocs\Proyecto\front\Admin\reuniones.php", "PHP", 0, 0, 0, 285, 0, 0, 0, 0, 0, 0, 26, 311
"c:\xampp\htdocs\Proyecto\front\Admin\socios.php", "PHP", 0, 0, 0, 223, 0, 0, 0, 0, 0, 0, 17, 240
"c:\xampp\htdocs\Proyecto\front\Admin\solicitudes.php", "PHP", 0, 0, 0, 245, 0, 0, 0, 0, 0, 12, 28, 285
"c:\xampp\htdocs\Proyecto\front\Admin\unidades.php", "PHP", 0, 0, 0, 249, 0, 0, 0, 0, 0, 0, 25, 274
"c:\xampp\htdocs\Proyecto\front\Css\backoffice.css", "PostCSS", 0, 0, 0, 0, 0, 0, 302, 0, 0, 4, 51, 357
"c:\xampp\htdocs\Proyecto\front\Css\crearUnidad.css", "PostCSS", 0, 0, 0, 0, 0, 0, 397, 0, 0, 6, 66, 469
"c:\xampp\htdocs\Proyecto\front\Css\estilosAdmin.css", "PostCSS", 0, 0, 0, 0, 0, 0, 494, 0, 0, 14, 92, 600
"c:\xampp\htdocs\Proyecto\front\Css\estilosConfiguracion.css", "PostCSS", 0, 0, 0, 0, 0, 0, 579, 0, 0, 4, 103, 686
"c:\xampp\htdocs\Proyecto\front\Css\estilosConfiguracionAdmin.css", "PostCSS", 0, 0, 0, 0, 0, 0, 579, 0, 0, 4, 103, 686
"c:\xampp\htdocs\Proyecto\front\Css\estilosConfirmar.css", "PostCSS", 0, 0, 0, 0, 0, 0, 638, 0, 0, 17, 114, 769
"c:\xampp\htdocs\Proyecto\front\Css\estilosConstruccion.css", "PostCSS", 0, 0, 0, 0, 0, 0, 328, 0, 0, 10, 63, 401
"c:\xampp\htdocs\Proyecto\front\Css\estilosFaltas.css", "PostCSS", 0, 0, 0, 0, 0, 0, 702, 0, 0, 14, 124, 840
"c:\xampp\htdocs\Proyecto\front\Css\estilosHoras.css", "PostCSS", 0, 0, 0, 0, 0, 0, 818, 0, 0, 16, 144, 978
"c:\xampp\htdocs\Proyecto\front\Css\estilosInteresado.css", "PostCSS", 0, 0, 0, 0, 0, 0, 762, 0, 0, 15, 127, 904
"c:\xampp\htdocs\Proyecto\front\Css\estilosLandingPage.css", "PostCSS", 0, 0, 0, 0, 0, 0, 722, 0, 0, 18, 130, 870
"c:\xampp\htdocs\Proyecto\front\Css\estilosLogin.css", "PostCSS", 0, 0, 0, 0, 0, 0, 361, 0, 0, 14, 68, 443
"c:\xampp\htdocs\Proyecto\front\Css\estilosPagosAdmin.css", "PostCSS", 0, 0, 0, 0, 0, 0, 610, 0, 0, 2, 108, 720
"c:\xampp\htdocs\Proyecto\front\Css\estilosPagosUsuario.css", "PostCSS", 0, 0, 0, 0, 0, 0, 727, 0, 0, 16, 128, 871
"c:\xampp\htdocs\Proyecto\front\Css\estilosProyectos-prueba.css", "PostCSS", 0, 0, 0, 0, 0, 0, 980, 0, 0, 58, 172, 1210
"c:\xampp\htdocs\Proyecto\front\Css\estilosRegistro.css", "PostCSS", 0, 0, 0, 0, 0, 0, 372, 0, 0, 11, 74, 457
"c:\xampp\htdocs\Proyecto\front\Css\estilosReuniones.css", "PostCSS", 0, 0, 0, 0, 0, 0, 681, 0, 0, 20, 126, 827
"c:\xampp\htdocs\Proyecto\front\Css\estilosSocios.css", "PostCSS", 0, 0, 0, 0, 0, 0, 629, 0, 0, 24, 125, 778
"c:\xampp\htdocs\Proyecto\front\Css\estilosSolicitudes.css", "PostCSS", 0, 0, 0, 0, 0, 0, 918, 0, 0, 35, 172, 1125
"c:\xampp\htdocs\Proyecto\front\Css\estilosUnidadUsuario.css", "PostCSS", 0, 0, 0, 0, 0, 0, 671, 0, 0, 17, 117, 805
"c:\xampp\htdocs\Proyecto\front\Css\estilosUnidades.css", "PostCSS", 0, 0, 0, 0, 0, 0, 936, 0, 0, 20, 168, 1124
"c:\xampp\htdocs\Proyecto\front\Css\estilosUsuario.css", "PostCSS", 0, 0, 0, 0, 0, 0, 638, 0, 0, 15, 120, 773
"c:\xampp\htdocs\Proyecto\front\Css\genFrontUsuario.css", "PostCSS", 0, 0, 0, 0, 0, 0, 172, 0, 0, 26, 35, 233
"c:\xampp\htdocs\Proyecto\front\Interesado\.vs\Interesado\v17\DocumentLayout.json", "JSON", 0, 0, 0, 0, 23, 0, 0, 0, 0, 0, 0, 23
"c:\xampp\htdocs\Proyecto\front\Interesado\index.php", "PHP", 0, 0, 0, 140, 0, 0, 0, 0, 0, 0, 17, 157
"c:\xampp\htdocs\Proyecto\front\Javascript\BackOffice\cargarAdmin.js", "JavaScript", 0, 0, 93, 0, 0, 0, 0, 0, 0, 12, 21, 126
"c:\xampp\htdocs\Proyecto\front\Javascript\BackOffice\corroborarPagos.js", "JavaScript", 0, 0, 90, 0, 0, 0, 0, 0, 0, 0, 14, 104
"c:\xampp\htdocs\Proyecto\front\Javascript\BackOffice\crearUnidad.js", "JavaScript", 0, 0, 99, 0, 0, 0, 0, 0, 0, 5, 17, 121
"c:\xampp\htdocs\Proyecto\front\Javascript\BackOffice\faltaHoras.js", "JavaScript", 0, 0, 221, 0, 0, 0, 0, 0, 0, 3, 22, 246
"c:\xampp\htdocs\Proyecto\front\Javascript\BackOffice\generalidades.js", "JavaScript", 0, 0, 92, 0, 0, 0, 0, 0, 0, 12, 19, 123
"c:\xampp\htdocs\Proyecto\front\Javascript\BackOffice\index.js", "JavaScript", 0, 0, 11, 0, 0, 0, 0, 0, 0, 1, 2, 14
"c:\xampp\htdocs\Proyecto\front\Javascript\BackOffice\pagos.js", "JavaScript", 0, 0, 63, 0, 0, 0, 0, 0, 0, 3, 10, 76
"c:\xampp\htdocs\Proyecto\front\Javascript\BackOffice\perfil.js", "JavaScript", 0, 0, 41, 0, 0, 0, 0, 0, 0, 0, 7, 48
"c:\xampp\htdocs\Proyecto\front\Javascript\BackOffice\reuniones.js", "JavaScript", 0, 0, 564, 0, 0, 0, 0, 0, 0, 57, 101, 722
"c:\xampp\htdocs\Proyecto\front\Javascript\BackOffice\reunionesAdmin.js", "JavaScript", 0, 0, 154, 0, 0, 0, 0, 0, 0, 14, 26, 194
"c:\xampp\htdocs\Proyecto\front\Javascript\BackOffice\socios.js", "JavaScript", 0, 0, 242, 0, 0, 0, 0, 0, 0, 363, 54, 659
"c:\xampp\htdocs\Proyecto\front\Javascript\BackOffice\solicitudes.js", "JavaScript", 0, 0, 683, 0, 0, 0, 0, 0, 0, 37, 121, 841
"c:\xampp\htdocs\Proyecto\front\Javascript\BackOffice\unidades.js", "JavaScript", 0, 0, 312, 0, 0, 0, 0, 0, 0, 5, 8, 325
"c:\xampp\htdocs\Proyecto\front\Javascript\FrontUsuario\cooperativa.js", "JavaScript", 0, 0, 57, 0, 0, 0, 0, 0, 0, 6, 12, 75
"c:\xampp\htdocs\Proyecto\front\Javascript\FrontUsuario\generalidades.js", "JavaScript", 0, 0, 28, 0, 0, 0, 0, 0, 0, 0, 5, 33
"c:\xampp\htdocs\Proyecto\front\Javascript\FrontUsuario\horas.js", "JavaScript", 0, 0, 404, 0, 0, 0, 0, 0, 0, 38, 74, 516
"c:\xampp\htdocs\Proyecto\front\Javascript\FrontUsuario\modalReuniones.js", "JavaScript", 0, 0, 156, 0, 0, 0, 0, 0, 0, 16, 23, 195
"c:\xampp\htdocs\Proyecto\front\Javascript\FrontUsuario\pagos.js", "JavaScript", 0, 0, 168, 0, 0, 0, 0, 0, 0, 5, 21, 194
"c:\xampp\htdocs\Proyecto\front\Javascript\FrontUsuario\reuniones.js", "JavaScript", 0, 0, 154, 0, 0, 0, 0, 0, 0, 15, 26, 195
"c:\xampp\htdocs\Proyecto\front\Javascript\FrontUsuario\unidad.js", "JavaScript", 0, 0, 381, 0, 0, 0, 0, 0, 0, 36, 80, 497
"c:\xampp\htdocs\Proyecto\front\Javascript\FrontUsuario\usuario.js", "JavaScript", 0, 0, 97, 0, 0, 0, 0, 0, 0, 7, 16, 120
"c:\xampp\htdocs\Proyecto\front\Javascript\LandingPage.js", "JavaScript", 0, 0, 151, 0, 0, 0, 0, 0, 0, 20, 30, 201
"c:\xampp\htdocs\Proyecto\front\Javascript\integrantesFamiliares.js", "JavaScript", 0, 0, 301, 0, 0, 0, 0, 0, 0, 9, 33, 343
"c:\xampp\htdocs\Proyecto\front\Javascript\interesado.js", "JavaScript", 0, 0, 105, 0, 0, 0, 0, 0, 0, 6, 20, 131
"c:\xampp\htdocs\Proyecto\front\Javascript\login.js", "JavaScript", 0, 0, 49, 0, 0, 0, 0, 0, 0, 1, 5, 55
"c:\xampp\htdocs\Proyecto\front\Javascript\registro.js", "JavaScript", 0, 0, 49, 0, 0, 0, 0, 0, 0, 1, 11, 61
"c:\xampp\htdocs\Proyecto\front\Landing Page\index.html", "HTML", 0, 257, 0, 0, 0, 0, 0, 0, 0, 7, 28, 292
"c:\xampp\htdocs\Proyecto\front\Landing Page\login.html", "HTML", 0, 78, 0, 0, 0, 0, 0, 0, 0, 0, 15, 93
"c:\xampp\htdocs\Proyecto\front\Landing Page\nueva-contrasena.html", "HTML", 0, 131, 0, 0, 0, 0, 0, 0, 0, 0, 24, 155
"c:\xampp\htdocs\Proyecto\front\Landing Page\registro.html", "HTML", 0, 226, 0, 0, 0, 0, 0, 0, 0, 0, 18, 244
"c:\xampp\htdocs\Proyecto\front\Landing Page\solicitar-codigo.html", "HTML", 0, 105, 0, 0, 0, 0, 0, 0, 0, 0, 21, 126
"c:\xampp\htdocs\Proyecto\front\Landing Page\verificar-codigo.html", "HTML", 0, 105, 0, 0, 0, 0, 0, 0, 0, 0, 19, 124
"c:\xampp\htdocs\Proyecto\front\Usuario\configuracion.php", "PHP", 0, 0, 0, 239, 0, 0, 0, 0, 0, 7, 21, 267
"c:\xampp\htdocs\Proyecto\front\Usuario\horas.php", "PHP", 0, 0, 0, 315, 0, 0, 0, 0, 0, 7, 40, 362
"c:\xampp\htdocs\Proyecto\front\Usuario\index.php", "PHP", 0, 0, 0, 230, 0, 0, 0, 0, 0, 5, 26, 261
"c:\xampp\htdocs\Proyecto\front\Usuario\pagos.php", "PHP", 0, 0, 0, 247, 0, 0, 0, 0, 0, 6, 31, 284
"c:\xampp\htdocs\Proyecto\front\Usuario\unidades.php", "PHP", 0, 0, 0, 238, 0, 0, 0, 0, 0, 3, 28, 269
"c:\xampp\htdocs\Proyecto\front\cerrarSesion.php", "PHP", 0, 0, 0, 6, 0, 0, 0, 0, 0, 0, 1, 7
"c:\xampp\htdocs\Proyecto\front\verificarSesion.php", "PHP", 0, 0, 0, 12, 0, 0, 0, 0, 0, 2, 1, 15
"c:\xampp\htdocs\Proyecto\my-apache.conf", "Properties", 0, 0, 0, 0, 0, 0, 0, 0, 10, 0, 2, 12
"c:\xampp\htdocs\Proyecto\testin\testin\testin.html", "HTML", 0, 22, 0, 0, 0, 0, 0, 0, 0, 0, 2, 24
"c:\xampp\htdocs\Proyecto\testin\testin\testin.js", "JavaScript", 0, 0, 424, 0, 0, 0, 0, 0, 0, 31, 74, 529
"Total", "-", 308, 924, 5445, 8045, 23, 10, 14016, 30, 10, 1463, 4804, 35078